epoch,time,train/box_loss,train/cls_loss,train/l1_loss,metrics/precision(B),metrics/recall(B),metrics/mAP50(B),metrics/mAP50-95(B),val/box_loss,val/cls_loss,val/l1_loss,lr/pg0,lr/pg1,lr/pg2
1,11172.2,1.63712,1.55006,0.00454,0.7257,0.40724,0.60262,0.39729,1.4814,1.33631,0.00313,0.000237968,0.000237968,0.000237968
2,22274.2,1.63625,1.36072,0.00457,0.5796,0.51302,0.54268,0.35317,1.48478,1.22951,0.00297,0.000381726,0.000381726,0.000381726
3,33358.1,1.59283,1.2664,0.00437,0.72536,0.59011,0.64792,0.43853,1.42574,1.18074,0.00284,0.000431236,0.000431236,0.000431236
4,11198.1,1.51754,1.13811,0.00404,0.74475,0.53912,0.70112,0.4593,1.46057,1.16142,0.00293,0.000237968,0.000237968,0.000237968
5,22311.1,1.54154,1.16667,0.00415,0.71239,0.66079,0.66402,0.4416,1.47251,1.11866,0.00306,0.000381726,0.000381726,0.000381726
6,33404,1.52512,1.13163,0.00409,0.69031,0.65435,0.71258,0.48088,1.4333,1.14075,0.00295,0.000431236,0.000431236,0.000431236
7,18512.1,1.51896,1.06857,0.00403,0.6694,0.5759,0.60294,0.38229,1.38292,0.98827,0.00328,0.02109,0.00703,0.02109,0.00703,0.02109,0.00703,0.02109,0.00703
8,22873.6,1.48946,1.00264,0.00389,0.68381,0.5863,0.61874,0.39372,1.36439,0.9566,0.00321,0.01812,0.00604,0.01812,0.00604,0.01812,0.00604,0.01812,0.00604
9,27230.8,1.4554,0.94491,0.00375,0.68041,0.59768,0.62511,0.39976,1.35027,0.94003,0.00317,0.01515,0.00505,0.01515,0.00505,0.01515,0.00505,0.01515,0.00505
10,19030.7,1.4561,0.95458,0.0038,0.6771,0.57132,0.60385,0.38256,1.38725,0.97486,0.00329,0.02109,0.00703,0.02109,0.00703,0.02109,0.00703,0.02109,0.00703
11,23517.4,1.43751,0.91127,0.00371,0.67872,0.58394,0.61297,0.38991,1.37515,0.95741,0.00324,0.01812,0.00604,0.01812,0.00604,0.01812,0.00604,0.01812,0.00604
12,28002.1,1.4077,0.86015,0.00358,0.68378,0.58473,0.61191,0.39055,1.36238,0.95206,0.00319,0.01515,0.00505,0.01515,0.00505,0.01515,0.00505,0.01515,0.00505
13,32483.2,1.37754,0.81979,0.00349,0.68531,0.58537,0.61284,0.39055,1.3613,0.95003,0.00319,0.01218,0.00406,0.01218,0.00406,0.01218,0.00406,0.01218,0.00406
14,36960.4,1.34306,0.77434,0.00339,0.69174,0.58433,0.61417,0.39151,1.35769,0.95373,0.00318,0.00921,0.00307,0.00921,0.00307,0.00921,0.00307,0.00921,0.00307
15,41439.5,1.30759,0.72796,0.00324,0.6846,0.5875,0.61294,0.39052,1.35952,0.96004,0.00318,0.00624,0.00208,0.00624,0.00208,0.00624,0.00208,0.00624,0.00208